ISU European Figure Skating Championships 2010,,,,,,
PAIRS FREE SKATINGJUDGES DETAILS PER SKATER,,,,,,
Starting,Total Total,,,Total,Total,
Rank Name Nation Number,Segment Element,,,Program  Component,Deductions,
"",Score Score,,,Score (factored),,
1 Yuko KAVAGUTI / Alexander SMIRNOV RUS  14,139.23  69.31,,,69.92,0.00,
"# Executed Base GOE",The Judges Panel,,,,Scores,
Elements Value,(in random order),,,,of Panel,
1 3STh  4.50  1.52 2 2 2,2 3 3 2,,,1 2,6.02,
2 3T  4.00 -1.20 -1 -2 -2,-1 -1 -1 -1,,,-2 -1,2.80,
3 3LzTw1  5.00  1.12 1 1 2,2 2 2 1,,,0 2,6.12,
4 FCCoSp4  3.50  0.60 1 1 2,2 2 1 1,,,1 1,4.10,
"",,,Info,,,Info
5 SpSq4  3.40  2.20 2 2 2,2 3 2 3,,,2 2,5.60,
6 2A+2A+SEQ  6.16 x  1.60 1 2 2,1 2 2 1,,,1 1,7.76,
7 3LoTh  5.50 x  1.40 2 2 3,2 2 2 2,,,1 1,6.90,
8 3Li4  4.40 x  1.00 2 2 2,2 1 2 2,,,1 2,5.40,
9 5ALi4  7.15 x  2.00 2 2 2,2 2 2 3,,,1 1,9.15,
10 5SLi4  6.60 x  0.60 1 0 2,1 0 2 1,,,0 2,7.20,
11 PCoSp1  3.00  0.50 1 1 1,2 0 1 1,,,1 1,3.50,
12 FiDs4  3.50  1.26 1 2 2,2 2 0 3,,,1 2,4.76,
56.71,,,,,69.31,
Program Components Factor,,,,,,
Skating Skills  1.60 8.75 9.00 8.25,8.75 8.75 8.75 8.50,,8.75,8.00,8.60,
Transition / Linking Footwork  1.60 8.50 8.50 8.50,8.75 8.75 8.50 8.75,,8.50,7.00,8.55,
Performance / Execution  1.60 9.00 8.75 8.50,9.00 9.25 9.00 8.75,,8.50,7.75,8.80,
Choreography / Composition  1.60 8.75 9.00 8.50,9.00 9.25 8.75 9.25,,8.75,8.00,8.85,
Interpretation  1.60 9.00 8.75 8.50,8.75 9.25 9.25 9.00,,8.75,8.25,8.90,
Judges Total Program Component Score (factored),,,,,69.92,
Deductions:,,,,,0.00,
"x  Credit for highlight distribution, base value multiplied by 1.1",,,,,,
Starting,Total Total,,,Total,Total,
Rank Name Nation Number,Segment Element,,,Program  Component,Deductions,
"",Score Score,,,Score (factored),,
2 Aliona SAVCHENKO / Robin SZOLKOWY GER  16,137.60  66.88,,,70.72,0.00,
"# Executed Base GOE",The Judges Panel,,,,Scores,
Elements Value,(in random order),,,,of Panel,
1 3T+3T+SEQ  6.40  2.20 2 2 1,2 3 2 1,,,3 1,8.60,
2 3FTh  5.50 -1.26 -1 -2 -1,-2 -2 -2 -2,,,-2 -1,4.24,
3 2S  1.30 -0.54 -1 -2 -2,-2 -2 -2 -2,,,1 -2,0.76,
4 FCCoSp3  3.00  0.40 2 1 0,0 1 0 1,,,2 0,3.40,
5 PCoSp4  4.50  1.00 2 2 2,1 2 2 1,,,3 2,5.50,
6 3LzTw1  5.50 x  1.26 2 2 1,1 2 1 1,,,2 2,6.76,
7 5ALi4  7.15 x  1.80 1 2 0,2 2 1 1,,,2 2,8.95,
8 5TLi4  6.60 x  1.00 1 2 1,2 2 2 2,,,2 2,7.60,
9 BoDs2  3.50  0.98 1 2 2,1 1 0 0,,,2 2,4.48,
10 SpSq4  3.40  2.00 2 2 2,2 2 2 2,,,3 2,5.40,
11 3Li4  4.40 x  1.00 2 2 1,2 2 2 1,,,3 2,5.40,
12 3STh  4.95 x  0.84 2 3 1,1 1 1 1,,,1 1,5.79,
56.20,,,,,66.88,
Program Components Factor,,,,,,
Skating Skills  1.60 8.75 9.00 8.75,8.50 8.75 9.00 8.75,,9.00,8.50,8.80,
Transition / Linking Footwork  1.60 8.75 9.00 8.75,8.25 8.75 8.75 8.50,,8.75,8.25,8.65,
Performance / Execution  1.60 9.00 8.50 8.75,8.50 8.75 9.25 8.25,,9.50,9.00,8.90,
Choreography / Composition  1.60 8.75 9.00 9.00,8.25 8.50 9.50 8.50,,9.00,8.75,8.80,
Interpretation  1.60 9.00 9.00 9.00,8.75 9.00 9.25 8.50,,9.50,9.00,9.05,
Judges Total Program Component Score (factored),,,,,70.72,
Deductions:,,,,,0.00,
"x  Credit for highlight distribution, base value multiplied by 1.1",,,,,,
ISU European Figure Skating Championships 2010,,,,,,
PAIRS FREE SKATINGJUDGES DETAILS PER SKATER,,,,,,
Starting,Total Total,,,Total,Total,
Rank Name Nation Number,Segment Element,,,Program  Component,Deductions,
"",Score Score,,,Score (factored),,
3 Maria MUKHORTOVA / Maxim TRANKOV RUS  13,128.49  64.65,,,63.84,0.00,
"# Executed Base GOE",The Judges Panel,,,,Scores,
Elements Value,(in random order),,,,of Panel,
1 3LzTw1  5.00  1.26 2 1 2,2 2 1 0,,,2 2,6.26,
2 2A  3.50  0.00 0 0 0,0 0 0 0,,,1 0,3.50,
3 3T+2T  5.30  0.80 1 1 0,1 1 0 0,,,1 1,6.10,
4 5ALi4  6.50  2.00 2 2 2,2 2 2 1,,,1 2,8.50,
"",,,Info,,,Info
5 3LoTh  5.00 -0.70 -1 -2 -1,-1 -1 -1 -1,,,0 -1,4.30,
6 SpSq4  3.40  1.00 2 1 1,1 1 1 1,,,1 1,4.40,
7 3STh  4.95 x  0.28 0 1 0,0 1 1 1,,,1 0,5.23,
8 FiDs3  3.20  1.26 2 1 1,2 2 2 2,,,2 2,4.46,
9 FCCoSp4  3.50  1.00 2 2 2,3 2 2 1,,,2 2,4.50,
10 PCoSp4  4.50  0.70 0 2 1,2 2 2 0,,,1 1,5.20,
11 5TLi4  6.60 x  0.60 1 1 1,2 2 1 1,,,1 2,7.20,
12 3Li4  4.40 x  0.60 1 1 1,1 2 2 0,,,1 2,5.00,
55.85,,,,,64.65,
Program Components Factor,,,,,,
Skating Skills  1.60 8.75 7.75 7.75,8.25 8.75 8.25 8.50,,8.50,8.25,8.20,
Transition / Linking Footwork  1.60 8.00 7.50 7.00,7.00 8.50 8.00 8.25,,8.00,8.00,7.70,
Performance / Execution  1.60 8.50 7.50 7.50,7.50 8.75 8.00 8.25,,8.75,8.50,8.00,
Choreography / Composition  1.60 8.50 7.75 7.25,7.25 9.00 8.25 8.50,,8.75,8.50,8.05,
Interpretation  1.60 8.75 7.50 7.50,6.50 8.75 8.00 8.50,,8.50,8.25,7.95,
Judges Total Program Component Score (factored),,,,,63.84,
Deductions:,,,,,0.00,
"x  Credit for highlight distribution, base value multiplied by 1.1",,,,,,
Starting,Total Total,,,Total,Total,
Rank Name Nation Number,Segment Element,,,Program  Component,Deductions,
"",Score Score,,,Score (factored),,
4 Tatiana VOLOSOZHAR / Stanislav MOROZOV UKR  15,120.23  62.59,,,58.64,-1.00,
"# Executed Base GOE",The Judges Panel,,,,Scores,
Elements Value,(in random order),,,,of Panel,
1 3T+3T+SEQ  6.40 -2.20 -2 -2 -2,-3 -2 -2 -3,,,-2 -1,4.20,
2 3S< <  1.30 -0.60 -2 -2 -2,-2 -3 -2 -2,,,-2 -2,0.70,
3 3LoTh  5.00  1.40 2 3 2,2 2 2 1,,,2 2,6.40,
4 3Li4  4.00  0.80 1 2 2,2 1 1 1,,,2 1,4.80,
5 PCoSp4  4.50  0.50 1 1 1,2 1 2 1,,,1 1,5.00,
6 SpSq4  3.40  1.00 1 0 1,1 1 1 2,,,0 2,4.40,
7 3LzTw2  6.05 x  1.12 1 2 2,3 2 2 0,,,1 2,7.17,
8 3STh  4.95 x  1.52 2 3 3,2 2 2 2,,,2 2,6.47,
9 5ALi4  7.15 x  1.80 2 2 2,2 2 2 1,,,1 2,8.95,
10 FCCoSp3  3.00  0.30 1 1 0,0 1 1 1,,,0 1,3.30,
11 5TLi4  6.60 x  0.90 2 2 1,2 1 2 1,,,2 2,7.50,
12 BoDs1  3.00  0.70 2 1 1,0 0 0 1,,,1 1,3.70,
55.35,,,,,62.59,
Program Components Factor,,,,,,
Skating Skills  1.60 8.25 6.75 7.75,7.50 8.00 7.25 7.75,,7.75,8.00,7.75,
Transition / Linking Footwork  1.60 7.00 6.75 7.25,7.00 8.25 6.75 7.50,,6.75,7.50,7.10,
Performance / Execution  1.60 7.50 7.50 7.25,7.00 8.00 7.00 7.25,,7.00,8.00,7.30,
Choreography / Composition  1.60 7.50 7.25 7.00,7.50 8.50 7.25 7.50,,7.25,8.00,7.40,
Interpretation  1.60 7.25 7.00 7.00,7.00 8.50 6.75 7.25,,6.50,8.25,7.10,
Judges Total Program Component Score (factored),,,,,58.64,
Deductions: Time violation: -1.00,,,,,-1.00,
"<  Downgraded jumpx  Credit for highlight distribution, base value multiplied by 1.1",,,,,,
ISU European Figure Skating Championships 2010,,,,,,
PAIRS FREE SKATINGJUDGES DETAILS PER SKATER,,,,,,
Starting,Total Total,,,Total,Total,
Rank Name Nation Number,Segment Element,,,Program  Component,Deductions,
"",Score Score,,,Score (factored),,
5 Nicole DELLA MONICA / Yannick KOCON ITA  12,104.16  57.00,,,48.16,-1.00,
"# Executed Base GOE",The Judges Panel,,,,Scores,
Elements Value,(in random order),,,,of Panel,
1 3S  4.50  0.00 0 1 0,0 -1 0 1,,,0 0,4.50,
2 4Li4  4.00  0.50 1 1 1,1 1 1 0,,,2 1,4.50,
3 3STh  4.50  0.42 0 1 0,1 1 0 1,,,2 0,4.92,
4 FCoSp3  2.50 -0.02 0 1 -1,-1 0 -1 0,,,1 0,2.48,
"",,,Info,,,Info
5 2A+2A+SEQ  5.60  1.40 1 2 0,1 2 0 0,,,2 2,7.00,
6 SpSq4  3.40  0.80 1 1 1,1 1 0 1,,,1 0,4.20,
7 5ALi3  6.60 x  0.40 1 2 0,1 0 0 0,,,1 0,7.00,
8 3LoTh  5.50 x -2.00 -3 -3 -3,-3 -3 -3 -3,,,-3 -3,3.50,
9 BoDs2  3.50  0.70 0 1 1,1 0 1 2,,,1 1,4.20,
10 2LzTw2  3.85 x  0.10 0 1 0,0 0 0 0,,,0 1,3.95,
11 5SLi3  6.05 x -0.10 0 0 0,-1 0 -1 -1,,,1 0,5.95,
12 PCoSp4  4.50  0.30 0 1 0,1 0 0 0,,,1 1,4.80,
54.50,,,,,57.00,
Program Components Factor,,,,,,
Skating Skills  1.60 6.00 6.50 6.50,6.00 6.50 6.00 6.50,,6.50,6.50,6.40,
Transition / Linking Footwork  1.60 5.75 6.50 6.00,5.75 5.50 5.00 6.25,,6.25,5.75,5.85,
Performance / Execution  1.60 6.00 6.25 6.25,6.00 5.50 5.50 6.25,,6.75,6.00,6.00,
Choreography / Composition  1.60 6.00 6.25 6.25,6.00 5.50 5.50 6.50,,6.50,6.00,6.00,
Interpretation  1.60 5.75 6.25 6.00,6.25 5.25 5.50 6.50,,6.50,5.25,5.85,
Judges Total Program Component Score (factored),,,,,48.16,
Deductions: Falls: -1.00,,,,,-1.00,
"x  Credit for highlight distribution, base value multiplied by 1.1",,,,,,
Starting,Total Total,,,Total,Total,
Rank Name Nation Number,Segment Element,,,Program  Component,Deductions,
"",Score Score,,,Score (factored),,
6 Vera BAZAROVA / Yuri LARIONOV RUS  9,104.00  56.04,,,48.96,-1.00,
"# Executed Base GOE",The Judges Panel,,,,Scores,
Elements Value,(in random order),,,,of Panel,
1 3T  4.00 -1.00 -1 -1 -1,-1 -1 -1 -1,,,-2 -1,3.00,
2 3LzTw2  5.50  0.84 0 1 1,2 1 2 0,,,1 1,6.34,
3 3FTh  5.50  0.14 0 0 0,1 1 1 0,,,0 0,5.64,
4 2A<+SEQ <  0.64 -0.50 -3 -3 -3,-3 -3 -3 -3,,,-3 -3,0.14,
5 5SLi4  6.00  0.60 0 2 2,1 2 2 1,,,1 0,6.60,
6 FCCoSp4  3.50  0.40 1 1 1,0 1 1 0,,,0 1,3.90,
7 5TLi4  6.60 x  0.90 1 2 2,2 1 2 1,,,2 1,7.50,
8 3LoTh  5.50 x  0.14 0 1 0,0 1 1 0,,,0 0,5.64,
9 BiDs4  3.50  0.98 1 1 1,2 1 2 1,,,2 1,4.48,
10 3Li4  4.40 x  0.60 0 1 1,2 1 1 1,,,2 1,5.00,
11 SpSq2  2.30  0.50 1 1 2,1 0 1 1,,,1 0,2.80,
12 PCoSp4  4.50  0.50 1 1 1,2 1 1 0,,,0 1,5.00,
51.94,,,,,56.04,
Program Components Factor,,,,,,
Skating Skills  1.60 6.50 6.50 6.50,6.50 6.25 6.50 6.75,,6.50,6.50,6.50,
Transition / Linking Footwork  1.60 5.75 5.75 6.00,5.25 6.00 5.75 6.25,,6.25,5.50,5.75,
Performance / Execution  1.60 6.00 6.25 6.50,5.75 6.00 6.50 6.00,,6.50,5.75,6.20,
Choreography / Composition  1.60 6.25 6.00 6.25,5.50 6.25 6.25 6.50,,6.50,6.00,6.15,
Interpretation  1.60 6.00 6.00 6.25,5.50 6.00 6.25 6.50,,6.25,5.00,6.00,
Judges Total Program Component Score (factored),,,,,48.96,
Deductions: Falls: -1.00,,,,,-1.00,
"<  Downgraded jumpx  Credit for highlight distribution, base value multiplied by 1.1",,,,,,
ISU European Figure Skating Championships 2010,,,,,
PAIRS FREE SKATINGJUDGES DETAILS PER SKATER,,,,,
Starting,Total Total,,Total,Total,
Rank Name Nation Number,Segment Element,,Program  Component,Deductions,
"",Score Score,,Score (factored),,
7 Vanessa JAMES / Yannick BONHEUR FRA  11,99.24  51.40,,47.84,0.00,
"# Executed Base GOE",The Judges Panel,,,Scores,
Elements Value,(in random order),,,of Panel,
1 3S  4.50 -0.40 0 -1 -1,0 0 0 1,,-1 -1,4.10,
2 3LzTw1  5.00 -0.70 -2 -1 -1,-1 -2 0 1,,-2 0,4.30,
3 5ALi3  6.00  1.20 1 1 0,1 2 1 2,,0 1,7.20,
4 3STh  4.50  0.84 1 2 1,1 1 0 2,,1 1,5.34,
"",Info,,,,Info
5 FCCoSp4  3.50  0.20 1 0 0,0 0 1 0,,1 0,3.70,
6 FiDs  0.00  0.00 - - -,- - - -,,- -,0.00,
7 2A+SEQ  3.08 x -1.60 -2 -2 -2,-3 -3 -2 -2,,-2 -2,1.48,
8 SpSq3  3.10  0.40 1 1 0,0 1 1 0,,0 1,3.50,
9 5SLi3  6.05 x  0.50 1 1 0,1 2 1 1,,1 1,6.55,
10 3FTh  6.05 x  0.98 2 2 1,1 1 1 2,,1 1,7.03,
11 PCoSp2  3.50  0.20 1 0 0,0 0 1 0,,0 1,3.70,
12 4Li4  4.40 x  0.10 -1 -1 0,1 0 0 2,,1 1,4.50,
13 FiDs1* *  0.00  0.00 - - -,- - - -,,- -,0.00,
49.68,,,,51.40,
Program Components Factor,,,,,
Skating Skills  1.60 6.00 6.25 5.25,5.75 6.00 6.00 6.50,,5.75 5.75,6.00,
Transition / Linking Footwork  1.60 5.75 6.25 4.75,5.25 5.50 6.00 6.00,,5.25 5.00,5.70,
Performance / Execution  1.60 5.75 6.50 5.00,5.50 6.00 6.25 6.75,,5.50 5.50,6.00,
Choreography / Composition  1.60 5.75 6.25 5.25,5.75 6.25 6.00 6.50,,5.50 5.75,6.00,
Interpretation  1.60 6.00 6.50 5.50,5.25 6.25 6.25 6.50,,5.25 6.00,6.20,
Judges Total Program Component Score (factored),,,,47.84,
Deductions:,,,,0.00,
"*  Invalid elementx  Credit for highlight distribution, base value multiplied by 1.1",,,,,
Starting,Total Total,,Total,Total,
Rank Name Nation Number,Segment Element,,Program  Component,Deductions,
"",Score Score,,Score (factored),,
8 Anais MORAND / Antoine DORSAZ SUI  6,97.07  54.19,,42.88,0.00,
"# Executed Base GOE",The Judges Panel,,,Scores,
Elements Value,(in random order),,,of Panel,
1 5ALi3  6.00  0.80 0 2 1,1 0 1 1,,1 1,6.80,
2 3LoTh  5.00  0.98 0 1 0,1 1 2 2,,2 1,5.98,
3 2LzTw2  3.50  0.20 0 1 1,1 0 1 0,,0 0,3.70,
4 2A+2A+SEQ  5.60  0.40 0 1 -1,0 0 1 1,,0 0,6.00,
5 SpSq4  3.40  0.80 0 1 1,1 2 1 0,,1 0,4.20,
6 3FTh  6.05 x -0.70 -1 -2 -1,-1 -2 -1 0,,0 -2,5.35,
7 5SLi3  6.05 x  0.10 0 0 0,0 1 0 1,,0 0,6.15,
8 3Li4  4.40 x  0.00 0 0 0,0 0 0 0,,-1 0,4.40,
9 BoDs1  3.00  0.56 1 1 0,1 1 1 0,,0 0,3.56,
10 1F  0.55 x -0.20 -2 -2 -2,-2 -2 -2 -2,,-2 -2,0.35,
11 FCCoSp4  3.50 -0.30 -1 -1 -1,-2 -1 0 -1,,-1 -1,3.20,
12 PCoSp4  4.50  0.00 0 0 0,0 1 0 -1,,0 0,4.50,
51.55,,,,54.19,
Program Components Factor,,,,,
Skating Skills  1.60 5.75 5.50 5.25,5.75 5.50 5.50 5.50,,5.25 5.25,5.55,
Transition / Linking Footwork  1.60 5.25 5.00 5.25,5.00 5.50 5.25 5.00,,5.75 4.75,5.20,
Performance / Execution  1.60 5.75 5.50 5.25,5.50 5.25 5.50 5.25,,5.50 5.00,5.45,
Choreography / Composition  1.60 5.50 5.00 5.25,5.25 5.75 5.50 5.00,,5.75 5.00,5.40,
Interpretation  1.60 5.50 5.00 5.50,5.50 5.00 5.00 5.00,,5.50 4.75,5.20,
Judges Total Program Component Score (factored),,,,42.88,
Deductions:,,,,0.00,
"x  Credit for highlight distribution, base value multiplied by 1.1",,,,,
ISU European Figure Skating Championships 2010,,,,,,
PAIRS FREE SKATINGJUDGES DETAILS PER SKATER,,,,,,
Starting,Total Total,,,Total,Total,
Rank Name Nation Number,Segment Element,,,Program  Component,Deductions,
"",Score Score,,,Score (factored),,
9 Maylin HAUSCH / Daniel WENDE GER  7,92.10  50.74,,,43.36,-2.00,
"# Executed Base GOE",The Judges Panel,,,,Scores,
Elements Value,(in random order),,,,of Panel,
1 2LzTw4  4.50  0.40 1 1 1,0 -1 1 1,,,1 1,4.90,
2 3STh  4.50  0.70 0 1 1,1 2 1 1,,,1 1,5.20,
3 3T  4.00 -3.00 -3 -3 -3,-3 -3 -3 -3,,,-3 -3,1.00,
4 3FTh  5.50 -1.40 -2 -2 -2,-2 -2 -2 -2,,,-2 -2,4.10,
"",,,Info,,,Info
5 5ALi4  6.50  0.80 1 1 1,0 0 1 2,,,1 1,7.30,
6 2S+SEQ  1.04  0.40 0 1 1,0 1 1 1,,,0 1,1.44,
7 3Li4  4.00  0.30 0 1 1,0 0 1 1,,,0 1,4.30,
8 SpSq4  3.40  1.00 1 2 0,0 1 2 1,,,1 1,4.40,
9 FCCoSp4  3.50  0.60 0 2 2,1 1 1 1,,,1 1,4.10,
10 5SLi4  6.60 x  0.50 1 2 1,0 1 1 1,,,1 1,7.10,
11 BoDs1  3.00  0.14 0 1 1,0 0 0 0,,,1 0,3.14,
12 PCoSp3  4.00 -0.24 -1 0 0,-1 -2 -1 -1,,,-1 0,3.76,
50.54,,,,,50.74,
Program Components Factor,,,,,,
Skating Skills  1.60 5.00 5.75 5.50,6.00 5.75 5.75 6.00,,6.00,5.50,5.75,
Transition / Linking Footwork  1.60 5.00 5.00 5.00,5.75 5.25 5.50 5.00,,5.50,5.00,5.15,
Performance / Execution  1.60 5.50 5.75 5.25,5.75 5.25 5.50 4.75,,5.75,5.25,5.45,
Choreography / Composition  1.60 5.25 5.75 5.25,6.00 5.50 5.00 5.50,,6.00,5.25,5.45,
Interpretation  1.60 5.00 5.25 5.25,5.50 5.25 5.50 5.25,,6.00,5.25,5.30,
Judges Total Program Component Score (factored),,,,,43.36,
Deductions: Falls: -2.00,,,,,-2.00,
"x  Credit for highlight distribution, base value multiplied by 1.1",,,,,,
Starting,Total Total,,,Total,Total,
Rank Name Nation Number,Segment Element,,,Program  Component,Deductions,
"",Score Score,,,Score (factored),,
10 Stacey KEMP / David KING GBR  4,92.03  50.75,,,41.28,0.00,
"# Executed Base GOE",The Judges Panel,,,,Scores,
Elements Value,(in random order),,,,of Panel,
1 2LzTw3  4.00  0.40 1 0 1,2 0 0 -1,,,1 1,4.40,
2 2F  1.70 -0.12 0 0 0,-1 -1 0 -1,,,0 -1,1.58,
3 5ALi4  6.50  1.00 1 1 1,1 0 1 1,,,1 1,7.50,
4 3TTh  4.50  0.70 1 1 1,1 1 0 1,,,1 1,5.20,
5 PCoSp2  3.50  0.20 0 0 1,0 0 1 0,,,1 1,3.70,
6 FCCoSp3  3.00 -0.30 -1 -1 -1,-1 -1 0 -1,,,-1 0,2.70,
7 2F+2T+SEQ  2.64 x -0.06 0 0 0,0 -1 -1 -1,,,0 -1,2.58,
8 SpSq2  2.30  0.20 0 1 1,0 0 0 0,,,1 0,2.50,
9 3Li4  4.40 x -0.30 1 -1 -1,-1 -1 0 -1,,,-1 1,4.10,
10 3LoTh  5.50 x  0.84 1 1 1,0 1 1 1,,,2 2,6.34,
11 5TLi3  6.05 x  0.20 0 1 0,0 0 1 0,,,1 1,6.25,
12 FiDs3  3.20  0.70 1 1 1,1 1 0 0,,,1 1,3.90,
47.29,,,,,50.75,
Program Components Factor,,,,,,
Skating Skills  1.60 4.75 5.50 5.25,4.75 5.50 5.50 4.75,,5.50,5.00,5.20,
Transition / Linking Footwork  1.60 4.75 5.00 4.75,4.75 5.25 5.00 4.25,,5.00,5.00,4.90,
Performance / Execution  1.60 5.00 5.50 5.50,4.75 5.00 5.50 4.50,,5.75,5.25,5.25,
Choreography / Composition  1.60 5.25 5.25 5.50,5.00 5.25 5.25 4.50,,5.50,5.00,5.25,
Interpretation  1.60 5.25 5.50 5.50,5.00 5.00 5.25 4.25,,5.25,5.00,5.20,
Judges Total Program Component Score (factored),,,,,41.28,
Deductions:,,,,,0.00,
"x  Credit for highlight distribution, base value multiplied by 1.1",,,,,,
ISU European Figure Skating Championships 2010,,,,,,
PAIRS FREE SKATINGJUDGES DETAILS PER SKATER,,,,,,
Starting,Total Total,,,Total,Total,
Rank Name Nation Number,Segment Element,,,Program  Component,Deductions,
"",Score Score,,,Score (factored),,
11 Adeline CANAC / Maximin COIA FRA  10,88.49  46.49,,,44.00,-2.00,
"# Executed Base GOE",The Judges Panel,,,,Scores,
Elements Value,(in random order),,,,of Panel,
1 2FTw2  3.50  0.30 0 0 0,1 1 1 0,,,1 1,3.80,
2 3S< <  1.30 -1.00 -3 -3 -3,-3 -3 -3 -3,,,-3 -3,0.30,
3 5ALi4  6.50  0.40 0 0 0,1 1 0 0,,,1 0,6.90,
4 3FTh  5.50 -2.00 -3 -3 -3,-3 -3 -3 -3,,,-3 -3,3.50,
"",,,Info,,,Info
5 FCCoSp2  2.50 -0.18 0 -1 0,-1 0 -1 -1,,,0 -1,2.32,
6 SpSq4  3.40  1.20 0 1 0,1 1 2 2,,,1 1,4.60,
7 1A+2T  2.31 x -0.84 -2 -2 -2,-3 -2 -3 -3,,,-3 -3,1.47,
8 5TLi3  6.05 x  0.50 0 1 1,1 1 1 1,,,0 1,6.55,
9 3STh  4.95 x -1.40 -2 -2 -2,-2 -2 -2 -3,,,-2 -2,3.55,
10 3Li4  4.40 x  0.00 0 0 0,0 1 0 0,,,-1 0,4.40,
11 BoDs2  3.50  0.70 1 1 1,1 1 1 1,,,1 1,4.20,
12 PCoSp4  4.50  0.40 1 1 0,1 0 1 1,,,1 0,4.90,
48.41,,,,,46.49,
Program Components Factor,,,,,,
Skating Skills  1.60 5.75 5.25 5.75,5.75 5.75 5.75 5.50,,6.00,5.25,5.70,
Transition / Linking Footwork  1.60 5.50 4.75 5.75,4.75 5.50 6.00 5.25,,5.75,5.00,5.40,
Performance / Execution  1.60 5.25 5.00 5.50,5.25 5.50 5.75 5.25,,5.50,5.00,5.40,
Choreography / Composition  1.60 5.50 5.25 5.75,5.25 5.75 6.00 5.50,,5.75,5.25,5.60,
Interpretation  1.60 5.50 5.25 5.50,4.75 5.25 6.00 5.50,,5.50,5.25,5.40,
Judges Total Program Component Score (factored),,,,,44.00,
Deductions: Falls: -2.00,,,,,-2.00,
"<  Downgraded jumpx  Credit for highlight distribution, base value multiplied by 1.1",,,,,,
Starting,Total Total,,,Total,Total,
Rank Name Nation Number,Segment Element,,,Program  Component,Deductions,
"",Score Score,,,Score (factored),,
12 Erica RISSEEUW / Robert PAXTON GBR  1,86.59  47.19,,,40.40,-1.00,
"# Executed Base GOE",The Judges Panel,,,,Scores,
Elements Value,(in random order),,,,of Panel,
1 FiDs4  3.50  0.70 1 1 1,2 1 1 1,,,1 1,4.20,
2 3T  4.00  0.20 0 0 0,1 0 1 0,,,1 0,4.20,
3 2LzTw2  3.50 -0.06 -1 0 0,0 0 -1 0,,,1 0,3.44,
4 3LoTh  5.00 -2.00 -3 -3 -3,-3 -3 -3 -3,,,-3 -3,3.00,
5 4Li4  4.00  0.10 0 0 0,0 1 0 1,,,0 -1,4.10,
6 FCCoSp4  3.50  0.10 -1 0 0,1 0 1 0,,,-1 -1,3.60,
7 1A+2T  2.31 x -0.60 -2 -3 -2,-2 -2 -2 -2,,,-2 -2,1.71,
8 5TLi2  5.50 x  0.00 0 0 0,0 0 0 1,,,1 0,5.50,
9 5ALi4  7.15 x -0.42 0 -1 -1,-1 0 -1 0,,,1 -1,6.73,
10 SpSq3  3.10  0.30 0 1 0,1 1 1 0,,,0 0,3.40,
11 3STh  4.95 x -1.64 -2 -3 -2,-2 -2 -3 -3,,,-3 -3,3.31,
12 PCoSp3  4.00  0.00 0 0 1,0 0 0 0,,,0 0,4.00,
50.51,,,,,47.19,
Program Components Factor,,,,,,
Skating Skills  1.60 4.75 5.50 5.25,4.50 5.00 5.25 5.50,,5.25,4.50,5.15,
Transition / Linking Footwork  1.60 4.50 5.00 4.75,4.00 5.00 4.75 5.00,,4.75,4.25,4.80,
Performance / Execution  1.60 5.00 5.25 5.00,4.25 5.25 5.50 5.25,,5.00,4.00,5.15,
Choreography / Composition  1.60 4.75 5.25 5.50,4.25 5.00 5.25 5.00,,5.00,4.25,5.05,
Interpretation  1.60 5.25 5.00 5.50,4.25 5.25 5.00 5.00,,4.75,4.50,5.10,
Judges Total Program Component Score (factored),,,,,40.40,
Deductions: Falls: -1.00,,,,,-1.00,
"x  Credit for highlight distribution, base value multiplied by 1.1",,,,,,
ISU European Figure Skating Championships 2010,,,,,,
PAIRS FREE SKATINGJUDGES DETAILS PER SKATER,,,,,,
Starting,Total Total,,,Total,Total,
Rank Name Nation Number,Segment Element,,,Program  Component,Deductions,
"",Score Score,,,Score (factored),,
13 Maria SERGEJEVA / Ilja GLEBOV EST  5,81.86  43.86,,,38.00,0.00,
"# Executed Base GOE",The Judges Panel,,,,Scores,
Elements Value,(in random order),,,,of Panel,
1 3LzTw1  5.00  0.00 0 0 0,0 0 0 0,,,0 0,5.00,
2 3LoTh  5.00  0.28 1 1 0,1 0 0 0,,,0 0,5.28,
3 2A+2T  4.80 -1.12 -2 -2 -2,-1 -1 -1 -1,,,-1 -1,3.68,
4 5SLi4  6.00  0.30 0 0 1,0 0 1 1,,,1 1,6.30,
"",,,Info,,,Info
5 BoDs1  3.00  0.00 0 0 -1,0 0 0 -1,,,0 1,3.00,
6 PCoSp3  4.00 -0.06 -1 0 -1,0 0 0 0,,,0 0,3.94,
7 SpSq3  3.10  0.30 0 0 0,1 0 1 0,,,1 1,3.40,
8 2Lz  2.09 x -0.60 -2 -2 -3,-2 -2 -2 -2,,,-2 -2,1.49,
9 FCCoSp3  3.00 -0.18 0 -1 0,0 -1 -1 -1,,,-1 -1,2.82,
10 5TLi2  5.50 x -0.10 0 -1 0,0 0 0 0,,,0 -1,5.40,
11 3STh  4.95 x -1.40 -2 -2 -3,-2 -3 -2 -2,,,-2 -2,3.55,
12 3Li  0.00 x  0.00 - - -,- - - -,,,- -,0.00,
46.44,,,,,43.86,
Program Components Factor,,,,,,
Skating Skills  1.60 5.00 5.00 4.75,4.75 4.75 4.75 5.00,,5.25,5.25,4.95,
Transition / Linking Footwork  1.60 4.50 4.50 4.75,4.50 4.25 4.00 4.50,,4.75,4.75,4.60,
Performance / Execution  1.60 4.50 4.75 4.50,4.75 4.50 4.50 4.50,,5.00,5.00,4.70,
Choreography / Composition  1.60 4.75 5.00 5.00,4.75 4.50 4.25 4.75,,4.75,5.25,4.85,
Interpretation  1.60 4.50 4.75 4.50,4.50 4.50 4.50 4.75,,5.00,5.00,4.65,
Judges Total Program Component Score (factored),,,,,38.00,
Deductions:,,,,,0.00,
"x  Credit for highlight distribution, base value multiplied by 1.1",,,,,,
Starting,Total Total,,,Total,Total,
Rank Name Nation Number,Segment Element,,,Program  Component,Deductions,
"",Score Score,,,Score (factored),,
14 Jessica CRENSHAW / Chad TSAGRIS GRE  2,78.99  44.03,,,36.96,-2.00,
"# Executed Base GOE",The Judges Panel,,,,Scores,
Elements Value,(in random order),,,,of Panel,
1 2LzTw3  4.00  0.30 0 1 -1,0 1 1 1,,,0 1,4.30,
2 3STh  4.50 -2.00 -3 -3 -2,-3 -3 -3 -3,,,-3 -3,2.50,
3 2F  1.70  0.00 0 0 1,0 0 0 0,,,0 -1,1.70,
4 5SLi2  5.00  0.10 1 1 -2,0 1 1 0,,,0 -1,5.10,
5 BoDs1  3.00 -0.84 -3 -1 -2,-2 0 -2 0,,,-1 0,2.16,
6 5ALi4  6.50 -0.14 -1 0 -2,0 1 0 0,,,-1 0,6.36,
7 FCCoSp3  3.00 -0.24 -1 -1 0,-1 -1 -1 0,,,-1 -1,2.76,
8 SpSq4  3.40  1.00 1 1 1,1 1 1 1,,,1 0,4.40,
9 3FTh  6.05 x -2.00 -3 -3 -3,-3 -3 -3 -3,,,-3 -3,4.05,
10 2F+2Lo+SEQ  2.82 x -0.06 0 0 -1,0 0 0 0,,,0 -1,2.76,
11 3Li4  4.40 x  0.10 0 0 0,0 1 1 0,,,0 0,4.50,
12 PCoSp2  3.50 -0.06 -1 0 0,0 0 0 -1,,,0 0,3.44,
47.87,,,,,44.03,
Program Components Factor,,,,,,
Skating Skills  1.60 4.25 4.75 4.75,5.00 4.50 4.75 4.25,,4.25,5.00,4.65,
Transition / Linking Footwork  1.60 4.00 4.50 4.75,4.75 4.75 4.00 4.25,,4.00,5.25,4.50,
Performance / Execution  1.60 4.25 4.75 5.00,4.75 4.75 4.25 4.00,,3.75,5.50,4.60,
Choreography / Composition  1.60 4.50 4.50 4.75,5.00 5.00 4.50 4.50,,4.25,5.50,4.75,
Interpretation  1.60 4.50 4.75 4.50,4.50 5.00 4.50 4.25,,4.25,5.75,4.60,
Judges Total Program Component Score (factored),,,,,36.96,
Deductions: Falls: -2.00,,,,,-2.00,
"x  Credit for highlight distribution, base value multiplied by 1.1",,,,,,
ISU European Figure Skating Championships 2010,,,,,,
PAIRS FREE SKATINGJUDGES DETAILS PER SKATER,,,,,,
Starting,Total Total,,,Total,Total,
Rank Name Nation Number,Segment Element,,,Program  Component,Deductions,
"",Score Score,,,Score (factored),,
15 Joanna SULEJ / Mateusz CHRUSCINSKI POL  8,76.41  38.73,,,37.68,0.00,
"# Executed Base GOE",The Judges Panel,,,,Scores,
Elements Value,(in random order),,,,of Panel,
1 2A+SEQ  2.80 -1.60 -2 -2 -2,-2 -1 -2 -3,,,-2 -2,1.20,
2 5ALi4  6.50  0.20 0 0 1,1 0 0 0,,,1 0,6.70,
3 3STh  4.50 -0.42 -1 -1 -1,-1 0 1 0,,,-1 -1,4.08,
4 2FTw3  4.00 -0.06 0 -1 0,0 0 0 0,,,-1 0,3.94,
"",,,Info,,,Info
5 2FTh  3.00  0.00 0 0 0,0 0 -1 0,,,1 0,3.00,
6 SpSq3  3.10  0.00 0 0 0,1 1 0 0,,,0 0,3.10,
7 5SLi  0.00 x  0.00 - - -,- - - -,,,- -,0.00,
8 BoDs1  3.00 -0.42 -1 -1 -2,-1 0 -1 0,,,0 0,2.58,
9 CCoSp4  3.50 -0.30 -1 0 -1,-1 -1 -1 -2,,,-1 -1,3.20,
10 2Lz  2.09 x  0.00 0 0 0,0 0 0 0,,,-1 0,2.09,
11 3Li4  4.40 x  0.00 0 0 0,0 0 0 0,,,1 0,4.40,
12 PCoSp4  4.50 -0.06 0 0 0,0 0 -1 0,,,-1 0,4.44,
41.39,,,,,38.73,
Program Components Factor,,,,,,
Skating Skills  1.60 5.25 4.75 4.75,5.50 4.75 4.75 5.00,,5.50,5.25,4.90,
Transition / Linking Footwork  1.60 4.75 4.50 4.75,5.25 4.25 4.50 4.75,,4.50,5.00,4.60,
Performance / Execution  1.60 5.00 4.50 4.75,5.25 4.25 4.25 5.00,,4.75,4.75,4.65,
Choreography / Composition  1.60 5.25 4.75 5.00,5.25 4.50 4.50 4.75,,5.25,5.25,4.85,
Interpretation  1.60 5.00 4.50 4.50,5.00 4.25 4.25 4.75,,4.75,5.00,4.55,
Judges Total Program Component Score (factored),,,,,37.68,
Deductions:,,,,,0.00,
"x  Credit for highlight distribution, base value multiplied by 1.1",,,,,,
Starting,Total Total,,,Total,Total,
Rank Name Nation Number,Segment Element,,,Program  Component,Deductions,
"",Score Score,,,Score (factored),,
16 Nina IVANOVA / Filip ZALEVSKI BUL  3,67.75  37.71,,,31.04,-1.00,
"# Executed Base GOE",The Judges Panel,,,,Scores,
Elements Value,(in random order),,,,of Panel,
1 2S  1.30  0.00 0 0 1,0 0 0 0,,,0 0,1.30,
2 2F+SEQ  1.36 -0.84 -2 -3 -3,-2 -3 -3 -2,,,-2 -2,0.52,
3 2LoTh  3.00  0.00 0 0 1,0 0 0 0,,,0 0,3.00,
4 2LzTw2  3.50  0.00 0 0 -1,1 0 0 0,,,0 0,3.50,
5 5TLi2  5.00  0.00 0 0 1,0 0 0 0,,,0 0,5.00,
6 FCCoSp4  3.50 -0.24 0 -1 0,0 -1 -1 -1,,,-1 -1,3.26,
7 SpSq3  3.10  0.00 0 0 0,1 0 0 0,,,0 0,3.10,
8 5SLi1  4.95 x  0.00 0 0 1,0 0 -1 0,,,0 1,4.95,
9 3STh  4.95 x -2.00 -3 -3 -3,-3 -3 -3 -3,,,-3 -3,2.95,
10 3Li3  3.85 x -0.20 0 0 0,0 -1 -2 -1,,,0 0,3.65,
11 BoDs1  3.00 -0.84 -1 -1 -1,-1 -2 -2 -1,,,-1 -2,2.16,
12 PCoSp4  4.50 -0.18 0 0 0,0 -1 -1 -1,,,-1 -1,4.32,
42.01,,,,,37.71,
Program Components Factor,,,,,,
Skating Skills  1.60 4.25 4.50 4.00,4.50 3.50 4.00 4.00,,4.75,4.50,4.20,
Transition / Linking Footwork  1.60 4.00 3.75 4.00,3.75 3.00 3.75 3.25,,4.50,4.00,3.70,
Performance / Execution  1.60 4.25 4.00 4.00,4.25 3.00 3.50 3.75,,4.25,4.25,3.90,
Choreography / Composition  1.60 4.25 3.75 4.00,4.00 3.25 3.75 4.00,,4.25,4.25,3.90,
Interpretation  1.60 4.25 3.75 4.00,4.00 3.00 3.50 3.50,,3.75,4.00,3.70,
Judges Total Program Component Score (factored),,,,,31.04,
Deductions: Falls: -1.00,,,,,-1.00,
"x  Credit for highlight distribution, base value multiplied by 1.1",,,,,,
Printed: 20.01.2010 22:56:23,,,,,,
